0.0,0.25,0.6992325726208709,0.0
0.0,0.5,0.032392275469828924,0.0
1.0,0.75,0.7967269065686904,1.0
0.0,1.0,0.2502839446038635,0.0
0.0,0.5,0.5321028002672213,0.0
0.0,0.75,0.07396906283153093,0.0
0.0,0.25,0.5911041991453813,0.0
1.0,1.0,0.07345742036650371,0.0
1.0,0.75,0.8215277966401201,1.0
1.0,0.25,0.460864442837828,1.0
0.0,0.5,0.9362272110690905,1.0
1.0,1.0,0.6604823448610534,1.0
0.0,0.5,0.29813952081517603,0.0
1.0,1.0,0.30627981942037963,1.0
0.0,0.75,0.05710832462507032,0.0
0.0,0.5,0.39271971684454443,0.0
0.0,0.5,0.9732320525388154,1.0
1.0,1.0,0.17922640264755885,0.0
1.0,0.75,0.9050202919215435,1.0
1.0,0.75,0.5193265751106858,1.0
0.0,0.0,0.7264187852877955,0.0
1.0,0.75,0.2700808748033158,1.0
1.0,0.0,0.057912847892374386,0.0
0.0,0.75,0.6148846846076866,0.0
0.0,0.75,0.23891020657389717,0.0
1.0,0.5,0.6828578509360226,1.0
1.0,0.25,0.901863858182022,1.0
1.0,0.25,0.04080754080639948,0.0
0.0,0.5,0.49687636875127883,0.0
1.0,0.25,0.0959573179156541,0.0
0.0,0.75,0.4426135020008105,0.0
1.0,0.25,0.0868788023937237,0.0
0.0,0.5,0.8121808421964786,1.0
1.0,0.75,0.17984812336611278,0.0
0.0,0.75,0.9714844337367683,1.0
0.0,0.75,0.23031057061574234,0.0
0.0,0.5,0.9683412276139899,1.0
1.0,0.75,0.3520546248752392,1.0
1.0,0.75,0.9690579891702953,1.0
1.0,1.0,0.4431665378645455,1.0
0.0,0.0,0.826458410397743,1.0
1.0,0.75,0.522306845555482,1.0
0.0,1.0,0.3357903452398563,0.0
1.0,0.0,0.10610712479182338,0.0
1.0,0.25,0.38865068948402115,1.0
0.0,1.0,0.8201952496729918,1.0
1.0,1.0,0.9894888857368789,1.0
1.0,0.75,0.8862519570704409,1.0
1.0,0.5,0.5975113796642123,1.0
0.0,0.0,0.9852802679927272,1.0
0.0,0.5,0.8099999762383787,1.0
0.0,0.25,0.6509383108843505,0.0
0.0,1.0,0.5977007962738,0.0
0.0,1.0,0.4881708639931971,0.0
0.0,0.75,0.6377748320725509,0.0
1.0,0.0,0.8628179015122255,1.0
1.0,0.25,0.3245658658116469,1.0
1.0,0.5,0.08979545036003045,0.0
1.0,0.5,0.9060592746297567,1.0
0.0,0.5,0.08975802318625292,0.0
0.0,0.75,0.3436201390800686,0.0
0.0,0.5,0.3225647398138065,0.0
0.0,0.25,0.10201251430749825,0.0
0.0,0.25,0.36467668712828283,0.0
1.0,0.5,0.3938989031607575,1.0
1.0,0.25,0.1998146190929201,0.0
1.0,0.5,0.31390325748358583,1.0
1.0,1.0,0.04406661712966675,0.0
1.0,1.0,0.7134591082390497,1.0
0.0,0.5,0.9764297770736602,1.0
0.0,0.75,0.8717786185085364,1.0
1.0,0.75,0.7833375916730854,1.0
0.0,0.5,0.10632111721562765,0.0
1.0,0.0,0.6330526050407691,1.0
1.0,1.0,0.39053942263010755,1.0
1.0,0.75,0.36399600564222134,1.0
1.0,0.0,0.24703462564546053,0.0
0.0,0.25,0.9992827391718637,1.0
1.0,0.5,0.7690860195244417,1.0
0.0,0.25,0.3250847131127542,0.0
1.0,0.25,0.511571157242289,1.0
1.0,0.25,0.48492229910277795,1.0
1.0,0.5,0.9184814969299664,1.0
0.0,0.5,0.5032579411603503,0.0
1.0,0.5,0.7023024205052985,1.0
1.0,0.0,0.4953122474929704,1.0
0.0,0.5,0.6024340773667228,0.0
0.0,1.0,0.8237463818327133,1.0
1.0,0.0,0.8420127886294775,1.0
0.0,0.0,0.41094634878371816,0.0
1.0,0.0,0.5560087357669288,1.0
1.0,0.0,0.19680938118785507,0.0
0.0,0.5,0.19616325332068196,0.0
0.0,0.25,0.6450450569035672,0.0
0.0,0.0,0.6613521020546411,0.0
0.0,0.0,0.14213295523080705,0.0
0.0,0.0,0.023628312317430455,0.0
0.0,0.25,0.8268205182456568,1.0
0.0,0.5,0.13413736922056696,0.0
0.0,0.0,0.24767125562452663,0.0
1.0,0.0,0.07157783227744496,0.0
1.0,0.75,0.07211656567384395,0.0
1.0,0.5,0.7975136625650497,1.0
1.0,1.0,0.1944747403259265,0.0
0.0,1.0,0.8563817427273062,1.0
1.0,0.0,0.2535779343501995,1.0
1.0,0.75,0.2974392366207945,1.0
1.0,0.5,0.4011123615340082,1.0
1.0,0.5,0.11474716844631594,0.0
0.0,0.5,0.2185789708994147,0.0
0.0,1.0,0.5915929602779493,0.0
1.0,0.5,0.026709494106877285,0.0
1.0,0.75,0.12304911966116239,0.0
0.0,1.0,0.06992960983792296,0.0
0.0,0.75,0.16935076437317742,0.0
1.0,0.0,0.48887294704200446,1.0
0.0,0.75,0.6604721648649221,0.0
1.0,0.25,0.7026224356742851,1.0
0.0,0.25,0.4814761423327193,0.0
1.0,0.25,0.6721172249955699,1.0
1.0,0.5,0.2599766833652276,1.0
0.0,0.0,0.9887361966442475,1.0
1.0,1.0,0.3578317134399016,1.0
1.0,0.5,0.4581884800614252,1.0
1.0,0.75,0.3712853568983894,1.0
1.0,0.75,0.5284986869551986,1.0
0.0,1.0,0.935047336521947,1.0
0.0,1.0,0.057344161984137165,0.0
0.0,1.0,0.7366067412285695,0.0
1.0,0.5,0.058492738963027646,0.0
1.0,0.0,0.7659084516899752,1.0
1.0,1.0,0.600127891753563,1.0
0.0,1.0,0.10535608984374312,0.0
1.0,0.5,0.5753933994789279,1.0
0.0,0.0,0.6679765660695124,0.0
0.0,0.5,0.426393818134548,0.0
1.0,0.5,0.6731524907232046,1.0
0.0,0.5,0.017580839090787337,0.0
0.0,0.75,0.4383208929349245,0.0
1.0,1.0,0.1586139539144389,0.0
0.0,1.0,0.16130820296089565,0.0
1.0,0.5,0.4780194133474154,1.0
1.0,0.5,0.24996848184041676,0.0
1.0,1.0,0.4339861379295341,1.0
0.0,0.0,0.6010842048627202,0.0
0.0,0.5,0.8278617087047526,1.0
0.0,0.5,0.7231654452683843,0.0
1.0,0.0,0.9274432525218733,1.0
1.0,0.75,0.863356050583079,1.0
0.0,0.75,0.9159793598709642,1.0
0.0,0.5,0.8153093355486426,1.0
1.0,0.75,0.16424509516013186,0.0
0.0,0.0,0.8081931996814635,1.0
1.0,0.25,0.03851103780962828,0.0
1.0,0.5,0.011519111734269671,0.0
1.0,1.0,0.9062562658568265,1.0
0.0,0.25,0.017130276711581738,0.0
1.0,0.75,0.3983260913752359,1.0
0.0,0.25,0.7297520755943004,0.0
1.0,0.5,0.013283014301039398,0.0
1.0,0.5,0.30174150449889725,1.0
0.0,1.0,0.7953732569610327,1.0
0.0,1.0,0.9343792589288176,1.0
1.0,0.5,0.9267230728658549,1.0
1.0,0.75,0.13144436436204443,0.0
0.0,0.75,0.28379644766046275,0.0
1.0,0.5,0.3593958200092272,1.0
0.0,0.25,0.6188548791846462,0.0
1.0,0.0,0.48497105901918103,1.0
1.0,0.75,0.9283913660319958,1.0
0.0,0.75,0.1249233593110659,0.0
1.0,1.0,0.2074221037391354,0.0
0.0,0.0,0.3178433457915023,0.0
1.0,0.5,0.35820282389131974,1.0
0.0,1.0,0.396120949922698,0.0
1.0,0.0,0.7239528689830333,1.0
0.0,0.25,0.24065004009896251,0.0
0.0,0.5,0.37038302384634036,0.0
0.0,0.0,0.06193007129660455,0.0
0.0,0.25,0.7274106226160391,0.0
0.0,0.25,0.4228338885649806,0.0
1.0,0.0,0.26803111346103037,1.0
0.0,0.25,0.8893874282102932,1.0
0.0,0.75,0.9560521004331486,1.0
0.0,1.0,0.24929238753698912,0.0
1.0,0.25,0.1331527068893399,0.0
1.0,1.0,0.0534908890303335,0.0
1.0,0.25,0.5251011164821057,1.0
1.0,0.0,0.9180920310443086,1.0
0.0,0.0,0.3297209882040899,0.0
1.0,0.25,0.820486529681594,1.0
0.0,0.75,0.4902644555925092,0.0
1.0,0.5,0.46079258923614885,1.0
0.0,0.75,0.9622651185486586,1.0
0.0,0.5,0.7770085589949769,1.0
1.0,0.5,0.8316423099521593,1.0
1.0,1.0,0.5614270027460128,1.0
0.0,0.75,0.22240855599964515,0.0
0.0,0.5,0.0018919453842459744,0.0
1.0,0.25,0.19994848810295351,0.0
1.0,0.0,0.7175725433407689,1.0
1.0,1.0,0.36980288694689534,1.0
1.0,0.5,0.9156658878867614,1.0
1.0,0.0,0.7513270899449799,1.0
1.0,0.0,0.8391126291835729,1.0
0.0,0.25,0.9417118854149504,1.0
1.0,1.0,0.4148142498220905,1.0
1.0,0.5,0.230155295457672,0.0
0.0,0.5,0.05747314362520306,0.0
1.0,1.0,0.08369418597028377,0.0
1.0,0.0,0.9833606579109624,1.0
0.0,0.5,0.582871133037043,0.0
1.0,0.25,0.8585900142489791,1.0
1.0,1.0,0.6856442758150508,1.0
0.0,1.0,0.5380669074315881,0.0
0.0,0.75,0.7010532630365018,0.0
0.0,0.25,0.1759118304226419,0.0
0.0,0.25,0.9590968756465376,1.0
1.0,0.5,0.692286507971876,1.0
0.0,0.5,0.39951762362877075,0.0
1.0,0.75,0.10168977188127715,0.0
0.0,0.75,0.05446039268053626,0.0
0.0,0.25,0.9455781612662255,1.0
1.0,0.5,0.7491853366612501,1.0
0.0,0.5,0.9418588584022153,1.0
0.0,0.0,0.8065237045398413,1.0
0.0,0.0,0.34958647607618354,0.0
0.0,0.75,0.09046658351176895,0.0
0.0,0.5,0.37183772728265807,0.0
1.0,0.5,0.7026272669526185,1.0
0.0,0.5,0.834036256373951,1.0
0.0,0.5,0.5210841028898932,0.0
1.0,0.0,0.029065774995893023,0.0
1.0,1.0,0.4056593708703363,1.0
1.0,0.25,0.8692435432348986,1.0
0.0,0.0,0.17478728437957958,0.0
0.0,0.5,0.12878942657801917,0.0
1.0,0.25,0.4229791727587885,1.0
1.0,0.25,0.36688389311879976,1.0
0.0,0.25,0.8181827282245437,1.0
1.0,0.0,0.5004884080796821,1.0
1.0,1.0,0.5119643728752725,1.0
0.0,1.0,0.08582940557928853,0.0
0.0,0.5,0.5451782017298157,0.0
0.0,0.5,0.18516841574648246,0.0
1.0,0.25,0.075543031545798,0.0
1.0,0.5,0.8688938639249734,1.0
1.0,1.0,0.7335112633687062,1.0
0.0,0.0,0.8214389479140747,1.0
0.0,0.25,0.10892550460670758,0.0
0.0,0.75,0.606241087893583,0.0
1.0,0.0,0.003649957665626591,0.0
0.0,0.0,0.06853870617445945,0.0
0.0,1.0,0.6905914233192679,0.0
0.0,0.25,0.01979989505605162,0.0
1.0,0.5,0.20041992600067038,0.0
0.0,0.0,0.12554839826624953,0.0
1.0,0.25,0.6659147790120727,1.0
0.0,0.25,0.0676969000293518,0.0
1.0,1.0,0.29920427972492203,1.0
0.0,0.5,0.6796861231630624,0.0
0.0,0.75,0.9799526319002005,1.0
0.0,0.5,0.646676380991154,0.0
1.0,0.0,0.7821399069174266,1.0
1.0,0.5,0.004707482486968284,0.0
1.0,0.75,0.44113502893061696,1.0
1.0,0.75,0.9630038329994766,1.0
0.0,0.5,0.9243355121096447,1.0
1.0,0.75,0.2811594744512135,1.0
1.0,0.0,0.05615884114470382,0.0
1.0,0.75,0.4031663140153996,1.0
0.0,0.0,0.4652267006309392,0.0
0.0,0.25,0.3213967835496051,0.0
0.0,0.0,0.31050093592330763,0.0
1.0,0.0,0.09402587331488244,0.0
0.0,0.25,0.09090250114752929,0.0
1.0,0.25,0.6914334664494662,1.0
1.0,0.0,0.7374448139029096,1.0
1.0,0.25,0.1843326209387759,0.0
1.0,0.25,0.581172329656631,1.0
0.0,0.0,0.5109809088831703,0.0
1.0,0.0,0.8350838509089928,1.0
0.0,1.0,0.03268549218253303,0.0
0.0,0.0,0.26594510697261053,0.0
1.0,0.0,0.36050573145259845,1.0
1.0,1.0,0.5125453814904841,1.0
1.0,1.0,0.12513543056792598,0.0
1.0,1.0,0.6807322768268116,1.0
0.0,0.75,0.4674246668041363,0.0
1.0,0.0,0.41780925954861825,1.0
0.0,1.0,0.9429494368269031,1.0
1.0,1.0,0.9442317543437412,1.0
0.0,0.75,0.18580962127401335,0.0
0.0,0.25,0.2638202869015126,0.0
0.0,1.0,0.048311574068042096,0.0
0.0,0.0,0.03466406221130136,0.0
0.0,0.25,0.5905656013472611,0.0
1.0,1.0,0.7135955207052762,1.0
1.0,1.0,0.9096868924960415,1.0
0.0,0.25,0.5601624408354909,0.0
0.0,0.25,0.5291535440247738,0.0
0.0,0.25,0.05371533011153562,0.0
0.0,0.5,0.9926443611997727,1.0
1.0,0.25,0.8764863244804632,1.0
0.0,0.0,0.5193321193930032,0.0
1.0,0.75,0.4562717771113737,1.0
1.0,0.0,0.28597080241959916,1.0
1.0,0.25,0.9744257058347431,1.0
1.0,0.0,0.9698430993353822,1.0
0.0,0.5,0.7977731027487274,1.0
1.0,1.0,0.2325888903158675,0.0
0.0,0.5,0.6133106378442739,0.0
0.0,1.0,0.8862050573604713,1.0
0.0,0.5,0.31229636563359064,0.0
1.0,0.5,0.6607076812473786,1.0
1.0,0.75,0.5803630880502743,1.0
1.0,0.0,0.7010183445864092,1.0
0.0,1.0,0.17055826394223272,0.0
1.0,1.0,0.24392868512405075,0.0
0.0,1.0,0.05052568664255774,0.0
0.0,0.5,0.1401692193218398,0.0
1.0,0.25,0.7253294839901363,1.0
0.0,1.0,0.9699727495729874,1.0
0.0,0.75,0.33714023796553116,0.0
1.0,0.25,0.8421157920371405,1.0
1.0,0.5,0.46908551090704,1.0
1.0,0.75,0.04702686817115598,0.0
1.0,0.5,0.1668859373963859,0.0
0.0,0.25,0.43139973322033154,0.0
0.0,0.0,0.520740594279,0.0
0.0,0.0,0.05854831948243977,0.0
0.0,0.75,0.8510022999252403,1.0
0.0,0.0,0.01997085796000575,0.0
1.0,0.25,0.8368629059642463,1.0
0.0,0.0,0.9164097713005942,1.0
0.0,0.75,0.8959359194359854,1.0
0.0,0.0,0.7127898867036468,0.0
1.0,0.75,0.11140243200320821,0.0
1.0,0.75,0.5050926757525727,1.0
1.0,0.5,0.3212499326167706,1.0
0.0,1.0,0.977727721783661,1.0
0.0,0.0,0.602313157597123,0.0
0.0,0.0,0.5478855812340718,0.0
1.0,0.25,0.8919852588016046,1.0
0.0,1.0,0.9481735783635438,1.0
0.0,0.5,0.8279628158262218,1.0
0.0,0.25,0.047496894390055666,0.0
1.0,0.5,0.15917112588984006,0.0
1.0,0.25,0.71407138714144,1.0
1.0,0.75,0.030508495151140957,0.0
0.0,0.75,0.42287680591029486,0.0
1.0,0.75,0.5989247454478267,1.0
0.0,0.5,0.9249827241408671,1.0
1.0,0.25,0.9563806342709595,1.0
1.0,0.75,0.5623973808062217,1.0
0.0,0.75,0.8268182957290341,1.0
1.0,0.0,0.07818176368845986,0.0
1.0,0.25,0.02513544604771334,0.0
0.0,0.25,0.4603829453596959,0.0
0.0,0.25,0.5730054956616554,0.0
0.0,0.25,0.18307126792647166,0.0
0.0,0.5,0.771280634930342,1.0
0.0,0.5,0.39850299199013983,0.0
0.0,0.0,0.4126206532347426,0.0
1.0,0.5,0.23397406208404592,0.0
1.0,1.0,0.4196743633130233,1.0
0.0,0.5,0.5126645585921122,0.0
0.0,1.0,0.21711124264713344,0.0
1.0,0.25,0.2451384542067141,0.0
0.0,0.0,0.931892618717132,1.0
1.0,0.25,0.7217955730153408,1.0
0.0,0.25,0.5557165424370989,0.0
0.0,0.25,0.4506898986104688,0.0
1.0,0.75,0.5223552497933741,1.0
1.0,0.0,0.8075525573800143,1.0
0.0,0.0,0.11978154252574036,0.0
1.0,1.0,0.5450609240668121,1.0
0.0,0.5,0.9522040699273463,1.0
1.0,1.0,0.9532584824624768,1.0
0.0,0.5,0.4350144390979629,0.0
1.0,0.0,0.17490466035673713,0.0
0.0,0.5,0.9680081244614305,1.0
0.0,0.25,0.8882972741099098,1.0
0.0,1.0,0.5242294467962095,0.0
1.0,0.5,0.14810139924659393,0.0
0.0,0.5,0.6751867237582923,0.0
0.0,0.25,0.9437327467975121,1.0
0.0,0.0,0.8098559848171948,1.0
1.0,1.0,0.3421855664663498,1.0
0.0,0.0,0.2607153541320856,0.0
1.0,0.5,0.15636116685594215,0.0
0.0,0.5,0.13719965536946488,0.0
1.0,0.5,0.6529111650802519,1.0
1.0,0.25,0.7574179699605111,1.0
1.0,0.25,0.4127540382242012,1.0
1.0,0.0,0.21373699289750492,0.0
1.0,0.25,0.378660368588177,1.0
0.0,0.75,0.9214269709459181,1.0
1.0,0.75,0.9097184460606755,1.0
1.0,0.0,0.11875691141631695,0.0
1.0,0.25,0.7292963034583837,1.0
0.0,1.0,0.35937387427598344,0.0
0.0,1.0,0.01849217405531145,0.0
1.0,1.0,0.7631460308136592,1.0
0.0,1.0,0.7926582097036337,1.0
0.0,0.25,0.7717093988879814,1.0
1.0,0.75,0.7113483268468046,1.0
1.0,0.25,0.6529411397432027,1.0
1.0,0.75,0.29557654535929034,1.0
1.0,1.0,0.9926064530777323,1.0
1.0,0.25,0.12133144756518854,0.0
0.0,0.0,0.01770109211945392,0.0
0.0,0.5,0.21601309521839596,0.0
1.0,0.75,0.3978171977915237,1.0
1.0,0.25,0.29896865086212177,1.0
1.0,0.5,0.8553429105822592,1.0
0.0,0.5,0.6307950574851983,0.0
0.0,0.0,0.23026843329872915,0.0
0.0,0.75,0.22041632448593518,0.0
0.0,0.25,0.6277933922539047,0.0
0.0,0.5,0.43167541092696493,0.0
1.0,0.25,0.4691528507810826,1.0
1.0,0.25,0.29812796915745166,1.0
0.0,0.5,0.62231989361487,0.0
0.0,0.5,0.3787626538273038,0.0
0.0,0.0,0.20535935382197068,0.0
0.0,0.25,0.35672530510204403,0.0
0.0,0.5,0.24014326592304025,0.0
1.0,0.25,0.7825649291047954,1.0
1.0,0.5,0.037347738388684215,0.0
0.0,1.0,0.4021531618640407,0.0
1.0,0.0,0.36993146652687736,1.0
1.0,0.5,0.41452732372399526,1.0
1.0,0.25,0.2506607431582272,1.0
1.0,1.0,0.19881866927506153,0.0
0.0,0.75,0.5563773336718483,0.0
1.0,0.75,0.28849129936251994,1.0
0.0,0.5,0.8380626220220976,1.0
0.0,0.75,0.47758929620354396,0.0
0.0,0.75,0.7352152868311055,0.0
1.0,0.75,0.11714102960204598,0.0
0.0,0.5,0.1701091641953828,0.0
1.0,0.25,0.04634637876061798,0.0
1.0,0.25,0.4034892088506937,1.0
1.0,0.0,0.2916100710423635,1.0
1.0,0.0,0.4639396733395956,1.0
0.0,0.0,0.29539668675892206,0.0
0.0,0.5,0.3773979951009596,0.0
0.0,0.25,0.7799707100104519,1.0
1.0,0.75,0.9107675190121969,1.0
0.0,0.5,0.5370261920635417,0.0
0.0,1.0,0.8637609571461988,1.0
1.0,1.0,0.9419866413965358,1.0
0.0,0.5,0.09660806914224096,0.0
0.0,1.0,0.5707113508321491,0.0
1.0,0.75,0.6258674023835618,1.0
0.0,1.0,0.45694812392399753,0.0
0.0,0.25,0.29953128144411856,0.0
0.0,0.5,0.3176772528606129,0.0
0.0,0.0,0.9676934307430496,1.0
1.0,1.0,0.6173447115636763,1.0
1.0,1.0,0.929418156839527,1.0
1.0,1.0,0.27990947101684915,1.0
1.0,0.25,0.5526579923081701,1.0
0.0,0.5,0.0722167536417142,0.0
0.0,0.75,0.705678636856789,0.0
1.0,0.75,0.7839174356651063,1.0
0.0,0.75,0.43607998857635455,0.0
1.0,1.0,0.6914275450950913,1.0
0.0,0.5,0.0086698548950217,0.0
0.0,0.5,0.6339357818041802,0.0
0.0,0.25,0.18046320967602492,0.0
0.0,1.0,0.3398833869262218,0.0
0.0,0.5,0.41369362542928845,0.0
1.0,0.5,0.3630711244568515,1.0
1.0,0.25,0.5767694819152523,1.0
0.0,0.5,0.153864060452217,0.0
1.0,0.25,0.670716446393078,1.0
0.0,0.75,0.5521874262646599,0.0
1.0,0.25,0.8602474789771746,1.0
0.0,1.0,0.9246684145753108,1.0
1.0,0.25,0.974719780815104,1.0
1.0,1.0,0.0635968210180351,0.0
0.0,0.5,0.8836644487589334,1.0
1.0,1.0,0.9081578033852848,1.0
1.0,0.25,0.17010084302919415,0.0
0.0,0.0,0.1686923352951989,0.0
1.0,0.75,0.9609068474928205,1.0
0.0,0.5,0.08811054435466903,0.0
1.0,0.25,0.12447145913137647,0.0
1.0,0.25,0.8535366708692735,1.0
1.0,0.5,0.9180686302190231,1.0
0.0,1.0,0.6624754780487457,0.0
1.0,0.5,0.6620922509292326,1.0
0.0,1.0,0.5803812954944961,0.0
1.0,0.75,0.5533492783554909,1.0
1.0,0.75,0.42000811330657795,1.0
1.0,0.75,0.4537459815671048,1.0
1.0,0.5,0.01715006230187599,0.0
0.0,0.5,0.6947892389597391,0.0
1.0,0.0,0.6151504858223197,1.0
0.0,0.0,0.5043578778085879,0.0
0.0,0.0,0.3647439135691021,0.0
0.0,0.5,0.7403248856009009,0.0
1.0,0.0,0.007519595898414,0.0
1.0,0.5,0.13114892003081913,0.0
0.0,0.75,0.8648308811540509,1.0
1.0,0.0,0.12625477509274108,0.0
1.0,0.5,0.1272719056650976,0.0
1.0,0.5,0.5725124327409818,1.0
0.0,0.25,0.1254343051181217,0.0
0.0,1.0,0.9375653192294244,1.0
0.0,0.75,0.05671588739184885,0.0
0.0,0.25,0.04501294551077495,0.0
1.0,0.0,0.11636325410161596,0.0
0.0,0.5,0.5057056770408512,0.0
0.0,1.0,0.5882735173844121,0.0
0.0,1.0,0.9882765237778431,1.0
1.0,0.0,0.4966023119041648,1.0
1.0,0.25,0.5501665177395767,1.0
1.0,0.75,0.8155162680037471,1.0
1.0,1.0,0.8969602989258886,1.0
0.0,0.75,0.532118699088888,0.0
1.0,1.0,0.30276058916183657,1.0
1.0,0.0,0.40824474637092456,1.0
1.0,1.0,0.42193204046420874,1.0
1.0,1.0,0.5141340945216961,1.0
0.0,0.0,0.3259068836974204,0.0
1.0,1.0,0.17039131594143841,0.0
0.0,0.25,0.5394484244239036,0.0
1.0,0.5,0.6993121059819808,1.0
1.0,0.5,0.7341551818332802,1.0
0.0,0.0,0.6959659238071221,0.0
1.0,0.25,0.6289407497300418,1.0
1.0,0.75,0.0747522814620144,0.0
1.0,1.0,0.4302254085466036,1.0
1.0,0.5,0.09996892212200037,0.0
0.0,1.0,0.9105507623242913,1.0
0.0,0.5,0.3155781335216389,0.0
1.0,1.0,0.09178560520703061,0.0
1.0,0.25,0.9854947899064087,1.0
0.0,0.0,0.5964482020324986,0.0
1.0,0.0,0.5217354819426901,1.0
1.0,0.0,0.4116503414671058,1.0
0.0,0.5,0.06708932752883945,0.0
0.0,0.75,0.798927233504724,1.0
0.0,0.0,0.20640154313434922,0.0
0.0,0.25,0.8441567555099901,1.0
0.0,0.5,0.35803764993310505,0.0
0.0,0.75,0.4964948885104815,0.0
0.0,1.0,0.010259830789951851,0.0
0.0,0.75,0.19029389133151864,0.0
0.0,1.0,0.9242639482011175,1.0
0.0,1.0,0.24769034158632597,0.0
1.0,0.0,0.9460820209876925,1.0
0.0,0.25,0.8892358799157835,1.0
1.0,1.0,0.31684739146559204,1.0
1.0,0.5,0.005778877048276954,0.0
1.0,1.0,0.5033583969683831,1.0
0.0,0.5,0.7116804961857923,0.0
1.0,1.0,0.2739764134984184,1.0
1.0,0.0,0.8540195880483302,1.0
1.0,0.5,0.8647641537316753,1.0
1.0,0.25,0.8356861508975588,1.0
0.0,0.25,0.8059308859461043,1.0
1.0,0.0,0.8203849599565053,1.0
1.0,0.75,0.30343163627342373,1.0
0.0,0.0,0.7509555222150888,1.0
1.0,0.0,0.875345583896687,1.0
0.0,0.75,0.7352800691386717,0.0
1.0,1.0,0.6495527542737519,1.0
0.0,0.5,0.09711580096653838,0.0
1.0,0.25,0.30585636548187034,1.0
1.0,0.0,0.017831997534497823,0.0
1.0,0.25,0.24592873832441164,0.0
0.0,0.75,0.6903945968111711,0.0
1.0,0.5,0.9658336055626696,1.0
0.0,0.0,0.37296486134891393,0.0
1.0,1.0,0.251264871750947,1.0
0.0,0.0,0.17201846703704093,0.0
0.0,0.0,0.744315383189501,0.0
0.0,1.0,0.8465346261734977,1.0
0.0,0.25,0.19400610416241948,0.0
1.0,0.0,0.5535195736257652,1.0
0.0,0.75,0.5249693719306006,0.0
0.0,0.5,0.9446177575149995,1.0
0.0,0.0,0.9207415965877405,1.0
1.0,0.0,0.013411565999852715,0.0
1.0,0.25,0.8264792959373347,1.0
1.0,0.25,0.4397005397070284,1.0
0.0,0.75,0.06919600770013612,0.0
0.0,1.0,0.0361237893328753,0.0
1.0,0.0,0.07563516526518965,0.0
0.0,0.75,0.427120142252173,0.0
0.0,0.5,0.0413800976969142,0.0
1.0,0.75,0.008384143289690948,0.0
1.0,0.5,0.930817550357136,1.0
1.0,0.5,0.7199722370848001,1.0
0.0,0.0,0.9365300551681414,1.0
0.0,0.5,0.39780321291081533,0.0
1.0,0.5,0.6392178880990409,1.0
1.0,0.0,0.11625917847838951,0.0
1.0,0.75,0.27326972327051147,1.0
0.0,1.0,0.46603535063479296,0.0
0.0,0.75,0.14304215018843924,0.0
0.0,0.5,0.7386346158730114,0.0
0.0,0.25,0.787802102834472,1.0
0.0,0.0,0.08979597743078582,0.0
1.0,0.5,0.6615094563668847,1.0
1.0,0.5,0.49328419405292234,1.0
0.0,1.0,0.011106783058597136,0.0
0.0,1.0,0.3630011383414602,0.0
0.0,0.75,0.7936130897238808,1.0
1.0,1.0,0.4818739533806836,1.0
0.0,0.75,0.22345371141864034,0.0
1.0,1.0,0.37971482184716954,1.0
1.0,0.5,0.7901309395548608,1.0
1.0,0.5,0.13945946328555225,0.0
0.0,0.5,0.3232474725683466,0.0
1.0,0.5,0.24025105810412695,0.0
0.0,0.5,0.30813237558688267,0.0
1.0,0.5,0.18034383231141793,0.0
0.0,0.25,0.2686999285361398,0.0
0.0,0.75,0.3506953546525923,0.0
1.0,1.0,0.14211526576451594,0.0
0.0,0.25,0.4318493196090819,0.0
0.0,0.75,0.24058487470482814,0.0
0.0,0.25,0.47720166354129023,0.0
1.0,0.0,0.9824506844881953,1.0
0.0,1.0,0.8919840122709934,1.0
0.0,0.0,0.8192387306079313,1.0
0.0,0.75,0.7007883674576559,0.0
0.0,0.0,0.5767663779289913,0.0
1.0,0.0,0.2657033158023345,1.0
0.0,0.25,0.8282625582361597,1.0
0.0,0.5,0.5505816272467235,0.0
0.0,1.0,0.5965216649313025,0.0
1.0,0.5,0.6657231216983711,1.0
0.0,0.75,0.787105972144101,1.0
1.0,0.0,0.5519379827078552,1.0
1.0,0.25,0.267874285945235,1.0
1.0,0.25,0.5964888876435338,1.0
1.0,0.25,0.9222546743198341,1.0
1.0,0.0,0.9578255106384529,1.0
1.0,1.0,0.17520424641657784,0.0
1.0,0.5,0.5143325688502124,1.0
0.0,0.5,0.5838357796997343,0.0
0.0,0.0,0.35573510560502775,0.0
0.0,0.5,0.8978190351386913,1.0
1.0,0.5,0.23658833658235023,0.0
1.0,0.5,0.669916003666111,1.0
1.0,0.75,0.6160106068286333,1.0
1.0,0.5,0.1627762709565742,0.0
1.0,0.75,0.20745421996837132,0.0
0.0,0.75,0.4973206768508055,0.0
1.0,0.0,0.725931706779949,1.0
1.0,0.5,0.8937216050174213,1.0
1.0,1.0,0.47956390389874093,1.0
1.0,1.0,0.8621407535558334,1.0
1.0,0.5,0.11728945802520796,0.0
0.0,1.0,0.07269486024325567,0.0
1.0,0.25,0.927116095837658,1.0
0.0,0.75,0.45124624062742524,0.0
0.0,0.75,0.7244385421958819,0.0
0.0,0.75,0.5063292006999967,0.0
0.0,0.5,0.09879228786511152,0.0
0.0,0.0,0.6996089464648562,0.0
0.0,0.75,0.13006324581910045,0.0
0.0,1.0,0.3660126952056455,0.0
1.0,0.5,0.02698255751701273,0.0
0.0,0.75,0.9346806825427848,1.0
1.0,1.0,0.7090046152553849,1.0
1.0,0.0,0.8918601142824718,1.0
1.0,0.0,0.5155820671600544,1.0
1.0,0.75,0.3671202029679358,1.0
1.0,0.25,0.14770894768075904,0.0
0.0,1.0,0.4172898737200561,0.0
0.0,1.0,0.1716437754552853,0.0
1.0,1.0,0.9575456823329608,1.0
0.0,0.5,0.5363995680405629,0.0
0.0,0.25,0.1727164445342778,0.0
1.0,0.5,0.4391381452577261,1.0
1.0,0.75,0.769024790020556,1.0
1.0,0.25,0.618373975667219,1.0
0.0,0.25,0.1035602681557507,0.0
1.0,0.25,0.06175914457040832,0.0
0.0,0.5,0.6399772445323837,0.0
0.0,0.75,0.2188228053959479,0.0
0.0,0.75,0.1086737765448006,0.0
1.0,0.0,0.5214080286947315,1.0
1.0,0.0,0.5384048732268115,1.0
1.0,0.75,0.8441955841782304,1.0
1.0,0.25,0.2315633065600997,0.0
0.0,0.0,0.6392258103538729,0.0
0.0,0.0,0.08105760159219622,0.0
0.0,0.25,0.3751955313166051,0.0
0.0,0.25,0.8263445027860817,1.0
1.0,0.0,0.8577576898020006,1.0
1.0,0.25,0.22473871852232918,0.0
0.0,0.25,0.2164347480056249,0.0
1.0,0.5,0.330979751250322,1.0
0.0,0.0,0.9531513905838714,1.0
1.0,0.0,0.43575615445333993,1.0
0.0,0.25,0.8736745361319969,1.0
1.0,0.0,0.25253375373755704,1.0
0.0,1.0,0.055822609680959534,0.0
0.0,0.5,0.9804865007923358,1.0
1.0,0.25,0.5445391677253141,1.0
0.0,0.25,0.25989997824752875,0.0
0.0,0.0,0.15716468579602239,0.0
0.0,1.0,0.507820961730402,0.0
0.0,0.5,0.887989290274869,1.0
0.0,1.0,0.17859299239867288,0.0
0.0,1.0,0.5651785667240111,0.0
0.0,1.0,0.08144092066619879,0.0
1.0,0.25,0.6332501434595788,1.0
1.0,0.5,0.5341127005807705,1.0
1.0,0.0,0.7610851237579522,1.0
0.0,1.0,0.8425417360377108,1.0
0.0,0.0,0.07294688031089824,0.0
1.0,0.75,0.3178787950023031,1.0
0.0,0.25,0.057745252060115715,0.0
0.0,0.75,0.7991190431130797,1.0
1.0,1.0,0.7286126352500488,1.0
1.0,0.75,0.3413717225466606,1.0
1.0,0.75,0.12479675900762688,0.0
1.0,0.25,0.8871130300080189,1.0
1.0,1.0,0.2799179980709453,1.0
0.0,0.75,0.17969145533920372,0.0
0.0,1.0,0.16047751942996824,0.0
1.0,0.5,0.35139827239761756,1.0
0.0,0.5,0.41356374437765553,0.0
1.0,1.0,0.5412801396973843,1.0
1.0,0.25,0.9635777869515825,1.0
0.0,0.5,0.7623505154868737,1.0
0.0,0.0,0.8702492540300362,1.0
1.0,0.5,0.2500041593210981,1.0
0.0,0.0,0.7782109320631486,1.0
0.0,0.25,0.5087237987949106,0.0
1.0,0.5,0.5048210431536093,1.0
1.0,1.0,0.11552411875523438,0.0
0.0,0.5,0.993097510795399,1.0
0.0,0.25,0.4411134487350562,0.0
1.0,0.5,0.23243073962247107,0.0
1.0,1.0,0.027857302042471943,0.0
1.0,0.0,0.8524750494529828,1.0
0.0,0.75,0.3886566120861119,0.0
1.0,0.0,0.6644679988052556,1.0
0.0,0.25,0.9254058207797995,1.0
1.0,0.75,0.7291139989886218,1.0
1.0,0.5,0.39981468502823836,1.0
1.0,1.0,0.17736392570298487,0.0
1.0,0.75,0.1898253622002708,0.0
0.0,0.5,0.1213950382772303,0.0
0.0,0.75,0.13299318190027876,0.0
0.0,0.75,0.2725890857276815,0.0
0.0,0.0,0.16946627748574894,0.0
0.0,0.25,0.9434573915169804,1.0
1.0,0.0,0.1300565606658426,0.0
1.0,0.0,0.051463922251327454,0.0
1.0,0.0,0.486852884965718,1.0
1.0,0.75,0.21161023037232896,0.0
1.0,1.0,0.3822604716441179,1.0
0.0,0.0,0.1198396861117097,0.0
1.0,0.5,0.4019640410547163,1.0
0.0,0.5,0.06773856150426727,0.0
1.0,0.5,0.4177292861632521,1.0
0.0,0.25,0.4841352020524943,0.0
0.0,0.25,0.27564822424914714,0.0
0.0,0.5,0.8902195623705585,1.0
0.0,0.0,0.11540038672474584,0.0
1.0,1.0,0.5698016241152423,1.0
0.0,0.25,0.4908029736644872,0.0
0.0,0.0,0.9535897119868297,1.0
0.0,0.5,0.20143404960407896,0.0
0.0,0.25,0.16484511313672656,0.0
0.0,0.75,0.6565854354662095,0.0
1.0,0.25,0.5388793265750005,1.0
0.0,0.75,0.8593939987849086,1.0
0.0,0.5,0.8277061839498968,1.0
1.0,0.75,0.637304156631535,1.0
1.0,0.5,0.85480107131743,1.0
0.0,0.25,0.6155299370652143,0.0
0.0,0.0,0.8838614705029653,1.0
0.0,0.5,0.12480517602761254,0.0
1.0,1.0,0.4954390769333128,1.0
0.0,1.0,0.9014027557117443,1.0
1.0,0.0,0.11015960771412803,0.0
0.0,0.0,0.7631681889306317,1.0
0.0,0.5,0.20276199648143667,0.0
1.0,1.0,0.22678661295676794,0.0
0.0,0.75,0.5442210639137988,0.0
0.0,0.25,0.5480133355128403,0.0
0.0,0.0,0.6177692797633835,0.0
0.0,0.75,0.9223584115302541,1.0
1.0,0.5,0.044399503541388885,0.0
1.0,0.25,0.5730811823778079,1.0
0.0,1.0,0.7617924678786,1.0
0.0,0.75,0.12440460179306878,0.0
1.0,0.25,0.3197043945761393,1.0
0.0,0.5,0.7460678074919547,0.0
0.0,1.0,0.8805948726344853,1.0
1.0,0.75,0.2317354333775482,0.0
1.0,0.0,0.38489068074059496,1.0
1.0,0.5,0.20571954543662319,0.0
0.0,0.0,0.09586982675002931,0.0
1.0,0.5,0.29269487415131057,1.0
1.0,0.75,0.319560619274026,1.0
1.0,0.75,0.6218214986625519,1.0
0.0,1.0,0.7760066077079847,1.0
1.0,0.0,0.0645652834392294,0.0
1.0,0.75,0.9611207935185391,1.0
1.0,0.25,0.4974767754207027,1.0
1.0,1.0,0.38283956143084263,1.0
0.0,0.75,0.5562924052013829,0.0
1.0,0.5,0.8014899721232769,1.0
1.0,0.5,0.20114012608691034,0.0
0.0,0.0,0.24316756517638605,0.0
1.0,1.0,0.1956952940779071,0.0
1.0,0.0,0.0199229921386761,0.0
0.0,0.5,0.6716648371923167,0.0
1.0,0.0,0.1407437766674985,0.0
0.0,0.25,0.4920071583107133,0.0
0.0,1.0,0.8873212054279583,1.0
1.0,1.0,0.18144108736659703,0.0
1.0,1.0,0.9670383782566051,1.0
0.0,0.25,0.6977967812648256,0.0
0.0,1.0,0.807445069528501,1.0
0.0,0.5,0.013011865740401807,0.0
0.0,0.5,0.27237666676749694,0.0
0.0,0.5,0.3033513709836634,0.0
0.0,0.5,0.5416949284380675,0.0
1.0,0.25,0.8231452801538591,1.0
1.0,0.0,0.045320927467325633,0.0
0.0,0.5,0.9078424326212733,1.0
1.0,0.75,0.9687945421925204,1.0
0.0,0.5,0.5497823370185938,0.0
1.0,0.25,0.19949225677230298,0.0
0.0,0.0,0.057556599270197406,0.0
0.0,0.5,0.9307856654391787,1.0
0.0,0.75,0.35203759219563846,0.0
1.0,0.0,0.11770121745081841,0.0
1.0,1.0,0.9299016201800527,1.0
0.0,0.75,0.4590621631961651,0.0
1.0,0.0,0.9946119370322761,1.0
0.0,0.0,0.1976273699570622,0.0
0.0,0.5,0.8955924097328923,1.0
1.0,0.25,0.04535977641705091,0.0
1.0,0.0,0.852365755727995,1.0
0.0,0.5,0.38783215526494386,0.0
1.0,0.5,0.978529314352022,1.0
0.0,0.75,0.23429429639996702,0.0
0.0,0.75,0.34021639372777024,0.0
0.0,0.75,0.14087747251165617,0.0
0.0,1.0,0.21028072553589572,0.0
0.0,1.0,0.8693504378196957,1.0
0.0,0.75,0.46094389611531383,0.0
1.0,0.75,0.0720763580542042,0.0
0.0,0.0,0.9997179512537733,1.0
1.0,0.25,0.8425692043382742,1.0
0.0,1.0,0.061003938794909396,0.0
0.0,0.75,0.536782754980383,0.0
0.0,1.0,0.3375920507526693,0.0
1.0,0.75,0.5896801603971177,1.0
1.0,0.75,0.598420137665254,1.0
1.0,0.75,0.9085890614069763,1.0
1.0,0.0,0.21542362464222875,0.0
1.0,0.75,0.06993376695041786,0.0
0.0,0.0,0.8520409221926959,1.0
0.0,0.75,0.48083088383743533,0.0
1.0,0.25,0.10235661885453107,0.0
0.0,0.5,0.617326775264848,0.0
0.0,0.75,0.7626154025358296,1.0
1.0,1.0,0.7586262093133839,1.0
0.0,0.75,0.20885043158680938,0.0
0.0,0.25,0.6536124796409986,0.0
1.0,0.75,0.18890483450000817,0.0
1.0,0.75,0.7676530321771232,1.0
0.0,0.25,0.43739859871666575,0.0
0.0,0.25,0.16098884519524537,0.0
0.0,0.0,0.4089278030436646,0.0
1.0,1.0,0.9368537508885807,1.0
0.0,0.0,0.33062919213211495,0.0
0.0,1.0,0.21249608844892875,0.0
0.0,1.0,0.9398093526772475,1.0
0.0,0.5,0.03730820796583845,0.0
0.0,0.0,0.34928258190244743,0.0
0.0,0.25,0.9503248341732846,1.0
1.0,0.75,0.8422252241295247,1.0
0.0,0.5,0.38326124604247824,0.0
1.0,0.75,0.4106138080164854,1.0
0.0,0.75,0.34011913077226874,0.0
1.0,1.0,0.9402306786348391,1.0
0.0,1.0,0.21802659355598675,0.0
0.0,0.5,0.5523748385564587,0.0
0.0,0.5,0.9660236140851031,1.0
0.0,0.5,0.22771676894660697,0.0
0.0,0.25,0.39608105589223075,0.0
1.0,0.75,0.5968934144546584,1.0
1.0,0.5,0.463862610296897,1.0
1.0,0.25,0.6121795575338399,1.0
1.0,0.0,0.9704584632665071,1.0
1.0,0.25,0.13082730573534074,0.0
1.0,0.5,0.9255543801785917,1.0
0.0,0.5,0.45184730615475377,0.0
0.0,0.25,0.8169013871583203,1.0
0.0,0.5,0.09204358703351545,0.0
1.0,0.25,0.17247890035564462,0.0
1.0,0.0,0.8085230036779505,1.0
1.0,0.75,0.9676670915092462,1.0
1.0,0.25,0.39063637846476584,1.0
1.0,0.25,0.2011660010003925,0.0
0.0,0.75,0.4964976126318351,0.0
1.0,0.25,0.49262741905713603,1.0
1.0,1.0,0.6827365346324897,1.0
0.0,0.5,0.7096370822959738,0.0
0.0,0.0,0.36760492181832793,0.0
0.0,0.25,0.08786548164785524,0.0
0.0,0.25,0.6402624606955469,0.0
0.0,0.25,0.2574110876166613,0.0
1.0,0.75,0.7451962681648759,1.0
0.0,0.0,0.6306522775009276,0.0
1.0,0.25,0.7975698165335177,1.0
0.0,1.0,0.10117228345613194,0.0
1.0,0.0,0.3924487401629523,1.0
0.0,0.25,0.7404757702527344,0.0
1.0,0.25,0.795093708006715,1.0
1.0,1.0,0.7157435693617304,1.0
0.0,0.75,0.28473075108006707,0.0
1.0,0.5,0.39695056186051236,1.0
1.0,0.0,0.9051806599306095,1.0
1.0,1.0,0.55300496467598,1.0
1.0,0.5,0.03624491470473379,0.0
0.0,0.0,0.6202459824802639,0.0
0.0,0.75,0.5373278251736305,0.0
0.0,0.25,0.6921726917007321,0.0
1.0,0.75,0.07560274959375379,0.0
0.0,0.25,0.5079992040594046,0.0
0.0,0.25,0.5493712510995347,0.0
1.0,0.0,0.29247490485173044,1.0
1.0,1.0,0.7660657832037133,1.0
1.0,0.5,0.5552858904713645,1.0
1.0,0.5,0.20662701056756239,0.0
1.0,0.0,0.6564972627187242,1.0
1.0,0.75,0.12672469439264822,0.0
0.0,0.25,0.2413925387966085,0.0
1.0,0.5,0.19920383981943013,0.0
0.0,0.5,0.40381634357242924,0.0
1.0,0.75,0.10165379821397247,0.0
0.0,1.0,0.2061528230789228,0.0
0.0,0.0,0.40693265402862455,0.0
0.0,0.25,0.06669764467190809,0.0
1.0,1.0,0.02836581744097333,0.0
0.0,0.5,0.2170633941437764,0.0
1.0,0.0,0.5452065055231727,1.0
0.0,0.5,0.46347822689549256,0.0
1.0,0.75,0.11950236446358864,0.0
0.0,1.0,0.7507176067235761,1.0
0.0,0.5,0.9487371136282476,1.0
1.0,0.5,0.835318963050242,1.0
0.0,0.5,0.18367761371111524,0.0
0.0,1.0,0.9944894875006213,1.0
1.0,0.5,0.4819969037522771,1.0
1.0,0.25,0.08263287918102147,0.0
0.0,1.0,0.6563285081401427,0.0
1.0,0.75,0.3058640827159599,1.0
1.0,0.75,0.2393611306399387,0.0
0.0,0.5,0.24199160927291874,0.0
0.0,1.0,0.43241997499389373,0.0
1.0,1.0,0.03875349822925833,0.0
0.0,0.0,0.04108498323573817,0.0
0.0,0.75,0.801672220263258,1.0
1.0,0.75,0.3639133628567638,1.0
1.0,0.5,0.2298673617570708,0.0
0.0,1.0,0.821905235317092,1.0
0.0,0.75,0.8923941328926057,1.0
0.0,0.0,0.3539932288558494,0.0
0.0,0.0,0.3371421117820598,0.0
1.0,0.5,0.2740149573620182,1.0
0.0,0.75,0.12922547197386614,0.0
0.0,0.5,0.42676900411175234,0.0
1.0,1.0,0.03427440962576411,0.0
0.0,0.25,0.24559899116507788,0.0
0.0,1.0,0.05112751446516428,0.0
0.0,0.75,0.42366497187207375,0.0
0.0,1.0,0.3588438589180236,0.0
0.0,0.25,0.060960437212095986,0.0
1.0,0.25,0.020491745119453952,0.0
1.0,1.0,0.3687597519222293,1.0
0.0,0.25,0.5484433246941279,0.0
1.0,1.0,0.8817658980238869,1.0
0.0,0.25,0.2822248300185487,0.0
1.0,0.5,0.9304010170395068,1.0
0.0,0.5,0.4574307403953257,0.0
1.0,0.5,0.9957930087371184,1.0
0.0,0.0,0.36723721385561037,0.0
1.0,0.5,0.6144586769506976,1.0
1.0,0.75,0.387883289653546,1.0
0.0,1.0,0.021746751207883386,0.0
0.0,1.0,0.4404466141806179,0.0
1.0,1.0,0.12072133332120094,0.0
0.0,0.0,0.03724194245162027,0.0
1.0,0.0,0.7189545601800401,1.0
0.0,1.0,0.16923032647680003,0.0
0.0,1.0,0.9078986150008588,1.0
0.0,0.75,0.025109859953454494,0.0
1.0,0.25,0.4484786945143808,1.0
1.0,1.0,0.7839803688376173,1.0
1.0,0.25,0.4442662087016884,1.0
0.0,0.25,0.5991240213789607,0.0
0.0,1.0,0.6998612296470141,0.0
0.0,0.75,0.2256616955364843,0.0
1.0,1.0,0.23376487385950595,0.0
1.0,0.75,0.058723014076629054,0.0
0.0,0.25,0.9107997026039705,1.0
1.0,0.5,0.9213971414642995,1.0
1.0,0.0,0.6376461804689686,1.0
1.0,0.75,0.7658002580315337,1.0
1.0,0.75,0.267927323929505,1.0
0.0,0.0,0.33845438945037143,0.0
1.0,0.25,0.16150821862460252,0.0
0.0,1.0,0.7481966516000453,0.0
1.0,0.75,0.4505634174074781,1.0
1.0,0.75,0.8810037993562041,1.0
0.0,1.0,0.52368535845019,0.0
1.0,0.5,0.7313409925108803,1.0
0.0,0.0,0.2904909052043171,0.0
1.0,1.0,0.3658828337350172,1.0
1.0,0.0,0.26701367513449015,1.0
1.0,0.0,0.9654379261316866,1.0
1.0,1.0,0.14008149305127526,0.0
1.0,0.5,0.9839851473594101,1.0
1.0,0.5,0.4748398876132278,1.0
0.0,1.0,0.5180865188704659,0.0
0.0,0.75,0.06754613799501352,0.0
1.0,0.25,0.7920050930493426,1.0
1.0,0.25,0.015467279857359406,0.0
0.0,0.5,0.2976842283251956,0.0
0.0,1.0,0.8357596875644907,1.0
0.0,0.75,0.9000827386341009,1.0
0.0,0.5,0.5046454897999051,0.0
0.0,1.0,0.6971539543166354,0.0
1.0,1.0,0.9250306339809174,1.0
0.0,0.75,0.8281609662893968,1.0
0.0,0.75,0.1758975847091634,0.0
0.0,1.0,0.9032126244720972,1.0
0.0,0.75,0.19040075062129957,0.0
1.0,0.0,0.5027542023576707,1.0
0.0,1.0,0.3286773463051369,0.0
1.0,0.0,0.009358819358206483,0.0
0.0,0.5,0.5968084895029971,0.0
0.0,1.0,0.9126283365521412,1.0
1.0,0.0,0.23928909695967915,0.0
0.0,0.75,0.1913553745589619,0.0
1.0,0.75,0.48248421798563745,1.0
0.0,0.0,0.23196565258891988,0.0
0.0,0.0,0.019005595942423903,0.0
1.0,0.5,0.7242049405162402,1.0
0.0,1.0,0.20778231717075835,0.0
1.0,0.25,0.5119766313454329,1.0
1.0,0.5,0.01433871643924578,0.0
1.0,1.0,0.6193925107471766,1.0
1.0,0.5,0.22888350280019532,0.0
1.0,1.0,0.41614689635865154,1.0
1.0,0.75,0.5146205073635812,1.0
0.0,0.75,0.06545684789880213,0.0
0.0,1.0,0.7768087139159563,1.0
1.0,0.75,0.10548212522590694,0.0
0.0,0.5,0.3270254148610032,0.0
0.0,1.0,0.6324963870440687,0.0
1.0,0.5,0.9693477596846676,1.0
0.0,0.0,0.6988490661494043,0.0
1.0,0.75,0.48334130961857347,1.0
1.0,0.25,0.4105288394746641,1.0
1.0,1.0,0.31928656415113166,1.0
0.0,1.0,0.23320205055002252,0.0
0.0,0.5,0.1112363394359086,0.0
0.0,0.75,0.5138820486691814,0.0
1.0,0.5,0.7364133178024567,1.0
1.0,0.25,0.970779916429104,1.0
1.0,0.75,0.548867781621133,1.0
0.0,0.5,0.0701307585792742,0.0
1.0,1.0,0.060626003978314746,0.0
1.0,0.5,0.3781242561665754,1.0
1.0,0.75,0.7125554777261716,1.0
0.0,0.25,0.5201518332268277,0.0
1.0,0.75,0.19543676616557326,0.0
0.0,0.25,0.262845807916781,0.0
1.0,0.25,0.2393271992830781,0.0
0.0,1.0,0.39438206071610293,0.0
0.0,0.25,0.3785822566479693,0.0
1.0,1.0,0.5901290517650574,1.0
1.0,0.25,0.9426576127409427,1.0
0.0,0.5,0.019345327904558784,0.0
0.0,1.0,0.598054414164481,0.0
0.0,0.0,0.31326411075826366,0.0
0.0,1.0,0.20168830965240991,0.0
1.0,0.5,0.47254479395553317,1.0
0.0,0.75,0.23745266462326764,0.0
1.0,0.25,0.255167387331133,1.0
1.0,0.75,0.5732726802613972,1.0
1.0,0.25,0.09529853108722475,0.0
1.0,0.0,0.5253682789187691,1.0
1.0,0.75,0.16342799287724397,0.0
1.0,0.75,0.19991136993349934,0.0
0.0,1.0,0.25757110401621663,0.0
0.0,0.75,0.35810308143512626,0.0
1.0,1.0,0.8751977591450809,1.0
1.0,1.0,0.43531377961670814,1.0
0.0,1.0,0.6450719861569504,0.0
0.0,0.25,0.4875331687813126,0.0
1.0,0.25,0.8365243379388921,1.0
0.0,1.0,0.20349687055296894,0.0
1.0,0.0,0.7365172872555604,1.0
0.0,0.75,0.47750425940863517,0.0
1.0,0.75,0.6272408276456849,1.0
0.0,0.75,0.11005025791874323,0.0
1.0,0.5,0.06580882461482762,0.0
0.0,0.0,0.44006699268629945,0.0
1.0,0.0,0.45137432167546165,1.0
0.0,0.0,0.8979030545659975,1.0
1.0,0.25,0.973188971949244,1.0
1.0,0.0,0.3474644748927108,1.0
0.0,0.25,0.6536301503412624,0.0
1.0,0.0,0.9807753570652896,1.0
0.0,1.0,0.43187875794534836,0.0
0.0,0.0,0.25264933646566967,0.0
0.0,0.75,0.19899125402926787,0.0
1.0,0.0,0.5747430795252693,1.0
1.0,0.25,0.34829944907894106,1.0
1.0,1.0,0.7498233461029736,1.0
0.0,0.25,0.5735001325177224,0.0
0.0,0.25,0.26009444200063525,0.0
1.0,0.75,0.4461522407592706,1.0
1.0,0.5,0.5144812248187443,1.0
1.0,1.0,0.6010177487881894,1.0
0.0,0.75,0.19712268346168427,0.0
0.0,0.0,0.03060277220781582,0.0
1.0,0.5,0.922898577071361,1.0
1.0,0.25,0.5166298787365109,1.0
1.0,0.25,0.18146673804032332,0.0
1.0,0.25,0.8022205042376834,1.0
1.0,1.0,0.045698766865174045,0.0
1.0,0.25,0.3860947909464879,1.0
1.0,0.25,0.1572569435378386,0.0
0.0,1.0,0.4736009674520275,0.0
1.0,0.5,0.7994485671804146,1.0
0.0,0.0,0.8519908204334435,1.0
0.0,1.0,0.5267570340936965,0.0
0.0,0.5,0.0178873640319277,0.0
0.0,0.25,0.19126533221110453,0.0
0.0,0.25,0.6533540277046066,0.0
0.0,0.75,0.19160582101291623,0.0
1.0,0.0,0.5784812430631746,1.0
1.0,1.0,0.14639319718569033,0.0
1.0,0.25,0.10733678759476084,0.0
0.0,1.0,0.043320152160368,0.0
0.0,1.0,0.7713471683018409,1.0
1.0,0.5,0.8791190627777569,1.0
0.0,0.5,0.7895371545631509,1.0
1.0,0.25,0.09657029145604001,0.0
0.0,0.0,0.2715138073235065,0.0
0.0,0.25,0.32881964641890604,0.0
1.0,0.0,0.37719173007922846,1.0
0.0,0.25,0.02377555279213539,0.0
0.0,0.25,0.5348073465209024,0.0
1.0,0.25,0.8674199700105985,1.0
1.0,0.5,0.14376877840288038,0.0
1.0,0.25,0.9288885999616905,1.0
1.0,1.0,0.2819838190953359,1.0
1.0,0.0,0.06798825720525237,0.0
0.0,0.0,0.1125765668967007,0.0
0.0,0.0,0.6268112566607854,0.0
0.0,0.25,0.6218415923202251,0.0
0.0,0.75,0.4150545867167159,0.0
0.0,1.0,0.8198777513302424,1.0
0.0,0.25,0.671840463749184,0.0
1.0,0.5,0.9309801670187788,1.0
0.0,0.5,0.16269059760550064,0.0
1.0,0.25,0.2678271820729965,1.0
1.0,0.25,0.3856861897914682,1.0
1.0,0.25,0.3310268366173952,1.0
1.0,1.0,0.7240889841727457,1.0
1.0,0.75,0.6620127497626563,1.0
1.0,1.0,0.10344954388768479,0.0
0.0,0.25,0.9361669565653812,1.0
1.0,0.25,0.6961857116093556,1.0
0.0,0.25,0.23357491810434428,0.0
0.0,0.5,0.288847158725006,0.0
0.0,0.25,0.9969015035952684,1.0
1.0,0.25,0.8853466998903539,1.0
1.0,1.0,0.7739558827654509,1.0
0.0,0.5,0.6950627195471478,0.0
1.0,0.25,0.5457316060450951,1.0
1.0,0.0,0.10655398636238067,0.0
0.0,0.5,0.335550914410352,0.0
0.0,0.25,0.49343899561043514,0.0
1.0,0.75,0.803557467768161,1.0
1.0,0.25,0.807459779979147,1.0
1.0,0.75,0.18778133846435408,0.0
0.0,0.0,0.6473003850787148,0.0
0.0,0.25,0.5863938789352843,0.0
1.0,0.0,0.8448952496195662,1.0
1.0,1.0,0.5610611412136889,1.0
1.0,1.0,0.28363470052522366,1.0
1.0,0.5,0.0136614933902941,0.0
0.0,0.25,0.5728390145000765,0.0
1.0,1.0,0.09803790455754335,0.0
1.0,0.5,0.17711484806714783,0.0
0.0,0.0,0.8283797997998237,1.0
1.0,0.75,0.983817873599648,1.0
1.0,0.0,0.12884601350591018,0.0
1.0,0.75,0.3742212839432155,1.0
0.0,0.0,0.678623241052229,0.0
1.0,0.25,0.37960902957597265,1.0
1.0,1.0,0.8228873441914791,1.0
1.0,0.75,0.7769953069939944,1.0
1.0,0.25,0.884147919710546,1.0
1.0,0.25,0.9742127796643453,1.0
0.0,0.75,0.20493304247788757,0.0
0.0,1.0,0.2224426331157947,0.0
1.0,1.0,0.24258901588173254,0.0
1.0,1.0,0.6808017576195182,1.0
0.0,1.0,0.9342098622522363,1.0
1.0,0.5,0.17600779074975437,0.0
0.0,0.5,0.43346338295019315,0.0
0.0,0.75,0.3049405159096489,0.0
1.0,0.5,0.9698154185637803,1.0
1.0,1.0,0.37337162738163654,1.0
0.0,1.0,0.14809451347616986,0.0
0.0,0.25,0.4581258270903009,0.0
1.0,0.5,0.7191506072213623,1.0
0.0,0.25,0.6721973640242221,0.0
0.0,0.75,0.9708550681797581,1.0
0.0,0.0,0.06063756858226177,0.0
0.0,0.0,0.1096111099443432,0.0
1.0,0.75,0.46411706851966816,1.0
1.0,0.0,0.8855014155014843,1.0
1.0,1.0,0.6481718799358985,1.0
1.0,0.25,0.501550424407578,1.0
0.0,0.5,0.01541017781573284,0.0
1.0,0.0,0.11832687210672055,0.0
1.0,1.0,0.1961715068622848,0.0
0.0,0.0,0.04788776590631094,0.0
1.0,0.5,0.5589253816326892,1.0
0.0,0.5,0.8744585129777928,1.0
1.0,0.25,0.2561838926105954,1.0
1.0,0.25,0.20929346258514547,0.0
1.0,0.75,0.9642796963314062,1.0
0.0,0.5,0.5203416434229887,0.0
1.0,0.0,0.8331778401483702,1.0
1.0,0.5,0.8560451615459401,1.0
0.0,1.0,0.11982071080519718,0.0
0.0,0.25,0.16343528772962146,0.0
0.0,0.75,0.7410230320249792,0.0
0.0,0.25,0.3671481798086176,0.0
1.0,1.0,0.5831852847738699,1.0
1.0,0.75,0.14413483247744152,0.0
1.0,0.5,0.8635134600756544,1.0
0.0,0.25,0.08201717866646019,0.0
0.0,0.75,0.6734201420514085,0.0
1.0,1.0,0.0390955108297556,0.0
1.0,0.25,0.13522597823546878,0.0
1.0,0.5,0.8886158698313918,1.0
1.0,0.25,0.9864044700419748,1.0
0.0,0.75,0.7618241390336425,1.0
0.0,0.0,0.1285476654524157,0.0
0.0,0.5,0.4533837315735648,0.0
0.0,0.5,0.26077233314170345,0.0
1.0,0.75,0.08971005860139747,0.0
1.0,0.5,0.9153500672072076,1.0
1.0,0.75,0.3105745538085505,1.0
1.0,0.75,0.08762244160037247,0.0
1.0,1.0,0.8711965984244144,1.0
0.0,0.25,0.8025121321318319,1.0
1.0,1.0,0.4238460525861736,1.0
1.0,0.75,0.4527310230577115,1.0
1.0,0.75,0.9208662597211216,1.0
1.0,0.25,0.8345677004032028,1.0
1.0,0.25,0.010865858281057905,0.0
0.0,0.25,0.8181826945715834,1.0
1.0,0.25,0.1422879559393685,0.0
1.0,0.5,0.14548046515699775,0.0
1.0,0.5,0.2931926283573103,1.0
1.0,0.0,0.07285457099897119,0.0
1.0,0.25,0.07305758501063919,0.0
0.0,0.75,0.021843941880566486,0.0
0.0,1.0,0.7730683821034732,1.0
0.0,1.0,0.36899314593802013,0.0
1.0,0.25,0.23961048331550816,0.0
0.0,1.0,0.05969834839184518,0.0
1.0,0.75,0.8266692682273493,1.0
0.0,1.0,0.41277159018897236,0.0
0.0,0.25,0.582384386438823,0.0
1.0,0.5,0.4599887735533339,1.0
0.0,0.0,0.1000314102714972,0.0
1.0,0.0,0.7522404280710973,1.0
0.0,0.75,0.9830941545377208,1.0
1.0,0.75,0.6969206714446392,1.0
1.0,0.0,0.9560948887285833,1.0
1.0,1.0,0.5891279975615691,1.0
1.0,1.0,0.3601477292071916,1.0
0.0,0.25,0.7840473768777425,1.0
0.0,0.25,0.11889573025236377,0.0
0.0,0.5,0.9129046148561639,1.0
0.0,0.75,0.023394000947272398,0.0
1.0,0.25,0.7436571655953916,1.0
1.0,0.0,0.655237459727765,1.0
1.0,0.5,0.47885195519141943,1.0
1.0,0.75,0.5595275533527587,1.0
1.0,0.5,0.12971126938700395,0.0
0.0,0.75,0.2971971162168838,0.0
0.0,0.75,0.3688312176794265,0.0
1.0,1.0,0.037749976102542604,0.0
0.0,1.0,0.8582179885238517,1.0
1.0,0.25,0.10543223004297775,0.0
0.0,0.5,0.8579845749356358,1.0
0.0,1.0,0.0568109350010475,0.0
1.0,0.0,0.7177185704995425,1.0
0.0,1.0,0.1629809117524127,0.0
0.0,0.5,0.1157413011552243,0.0
0.0,0.5,0.5628716934650705,0.0
0.0,1.0,0.03624263755132573,0.0
1.0,1.0,0.5701284167069897,1.0
1.0,1.0,0.3935836170233459,1.0
0.0,0.75,0.643626634183539,0.0
1.0,0.25,0.8966555836290974,1.0
1.0,0.25,0.9777986261326321,1.0
1.0,0.75,0.8775560909941647,1.0
0.0,0.5,0.3049571536875536,0.0
1.0,0.75,0.7216506136364681,1.0
1.0,1.0,0.7821795398236869,1.0
0.0,0.0,0.7936798911908975,1.0
0.0,0.25,0.8124090897952212,1.0
1.0,0.25,0.8621523235530584,1.0
1.0,0.5,0.8597739919157511,1.0
1.0,0.75,0.06512592986737042,0.0
0.0,0.25,0.41549777363579476,0.0
0.0,0.0,0.7842509526409309,1.0
1.0,0.25,0.5457847838347616,1.0
1.0,0.25,0.7706359192413376,1.0
0.0,0.75,0.5320291050906488,0.0
1.0,0.75,0.7625069431792986,1.0
0.0,0.25,0.840899050391891,1.0
1.0,0.25,0.8211934261000176,1.0
0.0,0.25,0.5217319057248109,0.0
1.0,1.0,0.252668253941026,1.0
1.0,0.75,0.7626295522208743,1.0
1.0,0.0,0.9189961186326594,1.0
1.0,0.75,0.5106246724632072,1.0
0.0,0.0,0.1004015207140988,0.0
0.0,0.5,0.5620010384061315,0.0
0.0,0.0,0.5517007659104598,0.0
1.0,0.75,0.9899747466747408,1.0
1.0,0.75,0.26329898817952124,1.0
0.0,0.25,0.3340035856671083,0.0
0.0,1.0,0.046826559138879786,0.0
0.0,0.75,0.9142635175741218,1.0
1.0,0.25,0.3800551591665925,1.0
1.0,0.25,0.5650590984106636,1.0
0.0,0.5,0.9298092718041309,1.0
0.0,0.5,0.8622936663050502,1.0
1.0,0.75,0.5136083591017424,1.0
0.0,0.75,0.4061231821145128,0.0
0.0,1.0,0.06132613603747383,0.0
0.0,0.25,0.8643436261472653,1.0
0.0,1.0,0.8476120054166639,1.0
1.0,0.25,0.187549159833309,0.0
1.0,0.0,0.9686857769242657,1.0
0.0,0.25,0.7145218122648405,0.0
0.0,1.0,0.16208210939765966,0.0
1.0,0.5,0.42050359787718417,1.0
0.0,1.0,0.7515760152179831,1.0
0.0,0.0,0.8737254503715507,1.0
1.0,0.25,0.10234149206484189,0.0
0.0,0.0,0.7344629504819392,0.0
1.0,0.5,0.4178285221383581,1.0
0.0,0.75,0.1153070357090501,0.0
1.0,0.5,0.8353116354485959,1.0
0.0,1.0,0.3739703525724586,0.0
1.0,0.25,0.720126411955392,1.0
1.0,0.5,0.11199870718720628,0.0
1.0,1.0,0.7864247080231892,1.0
1.0,1.0,0.49802836096976455,1.0
1.0,0.5,0.524924131861321,1.0
0.0,0.5,0.5844651317638746,0.0
0.0,0.5,0.6918958624424709,0.0
0.0,0.0,0.0678239513323281,0.0
1.0,0.25,0.4553175321038875,1.0
0.0,0.75,0.015024499855845197,0.0
0.0,0.75,0.2727378488661708,0.0
0.0,1.0,0.16308677829746865,0.0
0.0,0.25,0.724198198591455,0.0
0.0,0.25,0.16446298604180676,0.0
1.0,0.75,0.6026712808838323,1.0
1.0,1.0,0.10736535518889156,0.0
1.0,0.5,0.04102398567544019,0.0
0.0,1.0,0.018061224871855686,0.0
1.0,1.0,0.35612328762015677,1.0
1.0,1.0,0.235490036194286,0.0
1.0,0.0,0.8554594347567567,1.0
1.0,1.0,0.1035233512484739,0.0
1.0,1.0,0.8692153651021951,1.0
0.0,0.75,0.08252205175789085,0.0
0.0,0.0,0.65079865184429,0.0
0.0,0.0,0.17296196842468126,0.0
0.0,0.5,0.2325778678371465,0.0
1.0,0.5,0.0230606747196076,0.0
0.0,0.75,0.932111118668554,1.0
1.0,0.25,0.25773991588172784,1.0
0.0,0.0,0.8575028405832655,1.0
1.0,0.25,0.5163360711007138,1.0
0.0,0.5,0.7879533729743688,1.0
1.0,0.25,0.7328023188339405,1.0
1.0,0.75,0.17289114985264398,0.0
1.0,0.25,0.7531971939552252,1.0
0.0,0.0,0.3077332008620308,0.0
0.0,0.25,0.21536776006986902,0.0
0.0,0.25,0.705060739612111,0.0
1.0,0.75,0.47070353941957144,1.0
0.0,0.75,0.05705804825468841,0.0
0.0,0.5,0.895024943042998,1.0
1.0,0.5,0.983446421816602,1.0
1.0,0.75,0.8097681147813106,1.0
0.0,0.0,0.8183611606359806,1.0
0.0,0.5,0.16665765594610882,0.0
1.0,0.25,0.5793676347685249,1.0
1.0,0.5,0.778781892717987,1.0
1.0,0.5,0.055997349631360605,0.0
1.0,1.0,0.7798340100247492,1.0
0.0,0.25,0.6903445563590527,0.0
0.0,0.5,0.16841736484039727,0.0
1.0,1.0,0.5236877342566949,1.0
0.0,0.0,0.9022881947377788,1.0
0.0,0.0,0.8930588607116129,1.0
0.0,1.0,0.4692700040015264,0.0
1.0,0.5,0.6141280487173985,1.0
0.0,1.0,0.37785722297616076,0.0
0.0,1.0,0.659951060255355,0.0
1.0,0.75,0.260233459249655,1.0
1.0,1.0,0.6398822461147438,1.0
0.0,0.0,0.07117480444144964,0.0
1.0,0.75,0.11134104381700138,0.0
0.0,0.0,0.347875935605647,0.0
0.0,0.5,0.605359630659734,0.0
0.0,0.75,0.4483184083512558,0.0
1.0,0.25,0.8771840235852402,1.0
0.0,0.75,0.31871865056095083,0.0
1.0,0.5,0.10326108232923503,0.0
0.0,0.25,0.34582735780304374,0.0
1.0,1.0,0.5564150934131639,1.0
1.0,0.5,0.28751077254575397,1.0
0.0,0.0,0.7932454827261539,1.0
1.0,0.0,0.4256978498704326,1.0
1.0,0.0,0.3622458612931929,1.0
1.0,0.5,0.9257353725716756,1.0
1.0,0.5,0.016028388473408595,0.0
1.0,1.0,0.8234568979236293,1.0
1.0,0.75,0.47576676968631926,1.0
0.0,0.25,0.9823250185149395,1.0
1.0,0.5,0.21085351037959021,0.0
1.0,0.5,0.33119257975611427,1.0
1.0,0.75,0.326325901903177,1.0
0.0,0.0,0.15774436609483278,0.0
0.0,0.25,0.17688482848657983,0.0
0.0,1.0,0.5596868310934188,0.0
0.0,0.25,0.07761839155466732,0.0
0.0,1.0,0.8371704950629639,1.0
1.0,0.0,0.695621589395661,1.0
1.0,1.0,0.20410422553255736,0.0
0.0,1.0,0.284138564772055,0.0
0.0,0.75,0.05859025586240263,0.0
1.0,0.25,0.5928285415656637,1.0
1.0,0.75,0.7963436392803012,1.0
1.0,0.75,0.6279146559634783,1.0
1.0,0.5,0.1402289575812775,0.0
1.0,0.25,0.4821883431980939,1.0
1.0,0.25,0.6526571332890285,1.0
1.0,0.25,0.24139175086540166,0.0
0.0,1.0,0.42696415155060363,0.0
0.0,0.25,0.3095521788885125,0.0
0.0,1.0,0.5418578698420805,0.0
1.0,0.5,0.15671122616470712,0.0
1.0,1.0,0.5483785281138621,1.0
0.0,0.5,0.5526058372943443,0.0
0.0,0.75,0.6297733107055601,0.0
1.0,0.25,0.5280925913813389,1.0
1.0,0.25,0.08767076671775464,0.0
0.0,0.0,0.3437809130901831,0.0
0.0,0.0,0.6127985658124612,0.0
1.0,0.0,0.30241331566581053,1.0
0.0,0.75,0.978936015222193,1.0
0.0,1.0,0.27487242931418365,0.0
1.0,1.0,0.32314848815631825,1.0
1.0,0.5,0.7902364721120358,1.0
0.0,0.75,0.25188357021247976,0.0
0.0,0.25,0.2226091095875331,0.0
0.0,0.5,0.9325100056783032,1.0
0.0,0.25,0.5427346948041597,0.0
0.0,1.0,0.5542476575301154,0.0
1.0,0.5,0.9143744370690069,1.0
0.0,0.75,0.3437496843881298,0.0
1.0,0.5,0.564062808499534,1.0
1.0,0.25,0.1461886347558562,0.0
0.0,0.5,0.8438519412681915,1.0
1.0,0.25,0.19341869911578258,0.0
0.0,1.0,0.2614374584476211,0.0
0.0,0.75,0.03706213688191917,0.0
0.0,1.0,0.1913952112134294,0.0
0.0,0.5,0.8477439180089975,1.0
1.0,0.5,0.9705580937441699,1.0
1.0,1.0,0.5012509899154904,1.0
0.0,0.25,0.1412249776816784,0.0
0.0,1.0,0.9499089046811942,1.0
1.0,0.5,0.8238509393870659,1.0
0.0,0.5,0.22246900882232157,0.0
1.0,0.75,0.648738086984357,1.0
1.0,1.0,0.9754070648217013,1.0
0.0,1.0,0.05409923802139238,0.0
0.0,0.25,0.67725670988285,0.0
0.0,0.75,0.8649024421117554,1.0
1.0,0.0,0.548689598355221,1.0
0.0,0.5,0.33824234263822317,0.0
0.0,0.0,0.9346223611219473,1.0
1.0,0.0,0.49862425795101395,1.0
1.0,0.5,0.5209381859105875,1.0
1.0,0.5,0.5741637502763763,1.0
1.0,0.75,0.1480421405420932,0.0
0.0,0.0,0.8655258968324512,1.0
1.0,0.0,0.4465480935517786,1.0
1.0,0.5,0.11425826025453167,0.0
0.0,0.25,0.7047479181432488,0.0
0.0,1.0,0.3050020767076217,0.0
1.0,0.25,0.3887768670032905,1.0
1.0,0.75,0.6623659698959027,1.0
1.0,1.0,0.6088919920840733,1.0
1.0,0.25,0.4755428815666396,1.0
0.0,0.5,0.05326129577909622,0.0
0.0,0.25,0.8177730141984342,1.0
1.0,1.0,0.6935670919192859,1.0
1.0,0.25,0.2938348633453399,1.0
0.0,0.0,0.7879105865313439,1.0
0.0,0.0,0.9216295022775345,1.0
1.0,0.75,0.3298171074467191,1.0
1.0,0.0,0.03815794031313191,0.0
1.0,0.5,0.9062528713669501,1.0
1.0,0.5,0.7055960219617249,1.0
0.0,0.25,0.9492291122650963,1.0
1.0,0.25,0.7279928628579332,1.0
0.0,0.25,0.9425779713337368,1.0
0.0,0.75,0.500372230058853,0.0
1.0,0.0,0.5786011341667444,1.0
0.0,0.75,0.8098730940197758,1.0
0.0,0.0,0.536021804284339,0.0
1.0,0.5,0.1109354805049122,0.0
1.0,1.0,0.9273950879407611,1.0
0.0,0.25,0.06322805263917519,0.0
0.0,0.5,0.5898850460609045,0.0
1.0,0.25,0.8327618139366496,1.0
0.0,0.25,0.11039900769123456,0.0
1.0,0.5,0.7399160143979275,1.0
0.0,0.0,0.16578069309348853,0.0
0.0,1.0,0.5490733103170227,0.0
0.0,0.75,0.03564256417885936,0.0
1.0,0.5,0.18430294362679267,0.0
1.0,0.75,0.4322407904185249,1.0
0.0,0.0,0.6819958692444043,0.0
1.0,1.0,0.007448120995698471,0.0
1.0,1.0,0.48885909313854503,1.0
1.0,0.75,0.15154877158710733,0.0
1.0,0.75,0.854707728712817,1.0
0.0,0.75,0.015749093965578664,0.0
0.0,0.75,0.8302468812583256,1.0
0.0,0.25,0.6944921435106307,0.0
0.0,0.75,0.2889498356876623,0.0
0.0,1.0,0.785277471435106,1.0
1.0,0.0,0.08233429314474372,0.0
1.0,0.5,0.6024003142006464,1.0
0.0,0.0,0.6303284982543794,0.0
0.0,0.5,0.3577122850117386,0.0
0.0,0.75,0.11809453615676913,0.0
1.0,0.0,0.18313763592994559,0.0
0.0,1.0,0.32704304112970484,0.0
1.0,0.75,0.05360307166605671,0.0
0.0,1.0,0.47736456905957436,0.0
1.0,0.75,0.5483908335931926,1.0
0.0,0.25,0.9054447890635402,1.0
1.0,0.0,0.08361890257634619,0.0
1.0,1.0,0.21301704784134223,0.0
0.0,0.5,0.5224958845169906,0.0
1.0,0.5,0.013773622054415458,0.0
1.0,1.0,0.35687902965127194,1.0
0.0,0.25,0.13040755007044702,0.0
1.0,0.0,0.6717142142203487,1.0
1.0,0.5,0.6001229975717813,1.0
1.0,0.25,0.6470668994804455,1.0
0.0,0.0,0.02742013063105231,0.0
1.0,0.75,0.47669109705835944,1.0
1.0,1.0,0.8243176143866087,1.0
1.0,0.0,0.46878948292492195,1.0
0.0,0.0,0.2905992102488686,0.0
1.0,0.0,0.12192342137772527,0.0
1.0,0.5,0.3088370671834292,1.0
1.0,0.75,0.27623502876897554,1.0
1.0,0.0,0.533464322743615,1.0
0.0,0.5,0.8344995324364585,1.0
0.0,1.0,0.9242150404324849,1.0
0.0,0.25,0.2682498263697274,0.0
1.0,0.25,0.6138548703468892,1.0
0.0,0.25,0.26176500829486793,0.0
1.0,0.75,0.8214380034233545,1.0
1.0,1.0,0.277793853809146,1.0
0.0,0.75,0.6892410938658564,0.0
1.0,0.0,0.4739063592209929,1.0
1.0,1.0,0.8783079428170492,1.0
1.0,1.0,0.4416719018518026,1.0
0.0,0.75,0.4674380291058392,0.0
0.0,0.25,0.6530942509253345,0.0
1.0,0.25,0.35228407053160415,1.0
0.0,0.5,0.5060140509758166,0.0
1.0,0.0,0.9250390614357511,1.0
0.0,0.75,0.2005050758948922,0.0
1.0,0.75,0.7264835079073886,1.0
0.0,0.75,0.8845794362866779,1.0
0.0,1.0,0.20553379572185193,0.0
1.0,0.5,0.8234388151623575,1.0
0.0,0.5,0.7101623780143187,0.0
1.0,1.0,0.9150450404365178,1.0
0.0,0.25,0.3797874836013957,0.0
1.0,1.0,0.6058575138226369,1.0
1.0,0.25,0.7224754206401919,1.0
1.0,0.25,0.12422616928304397,0.0
1.0,0.75,0.34364164828505683,1.0
0.0,0.5,0.9709185701615687,1.0
0.0,1.0,0.9460220715612699,1.0
0.0,1.0,0.5271558925006791,0.0
1.0,0.5,0.2006457423664212,0.0
0.0,0.75,0.4318764827709043,0.0
1.0,0.0,0.9638976336286373,1.0
0.0,0.5,0.18899218086144298,0.0
1.0,1.0,0.6545779920741936,1.0
0.0,1.0,0.740038290935834,0.0
0.0,1.0,0.8645275837719064,1.0
1.0,1.0,0.8389416210087539,1.0
0.0,1.0,0.2320468229393725,0.0
0.0,0.5,0.9529534956529193,1.0
0.0,0.5,0.06888999303437238,0.0
0.0,0.25,0.6488677812975743,0.0
0.0,0.5,0.5782595070412716,0.0
0.0,0.25,0.28808168752693664,0.0
0.0,0.0,0.3647203839012554,0.0
0.0,0.25,0.3834056009236768,0.0
0.0,1.0,0.8178262150571224,1.0
1.0,0.5,0.4611373123641691,1.0
1.0,1.0,0.2330635876240561,0.0
1.0,1.0,0.6698294150398679,1.0
0.0,0.0,0.40310301734140075,0.0
1.0,0.5,0.6138557815946754,1.0
1.0,0.0,0.03868671499652754,0.0
1.0,0.5,0.15700110639406584,0.0
1.0,0.5,0.6748509126947305,1.0
1.0,0.5,0.6521224016405754,1.0
0.0,0.25,0.3665610909046011,0.0
0.0,0.5,0.8286114708474336,1.0
1.0,0.0,0.49971540724369956,1.0
0.0,0.25,0.2534316840299041,0.0
1.0,0.5,0.6333256565192661,1.0
0.0,0.75,0.3562647168633465,0.0
1.0,0.75,0.9982718891468296,1.0
1.0,1.0,0.39586198536851736,1.0
0.0,0.0,0.536965486666668,0.0
0.0,0.0,0.041507132315598994,0.0
1.0,0.0,0.9646429224139782,1.0
1.0,1.0,0.6657905434731561,1.0
1.0,0.0,0.11652848725064857,0.0
0.0,1.0,0.058469941471589904,0.0
1.0,0.25,0.8183012464120137,1.0
0.0,0.0,0.36315847449906724,0.0
0.0,0.75,0.2998442951517991,0.0
1.0,0.75,0.5914613402824355,1.0
0.0,0.5,0.07067285865730077,0.0
0.0,0.25,0.7628152377932459,1.0
0.0,0.5,0.4883966533023457,0.0
1.0,0.75,0.1657953268542648,0.0
0.0,1.0,0.9466097216459545,1.0
0.0,0.5,0.7213125139241914,0.0
1.0,0.75,0.8335500594103924,1.0
0.0,0.75,0.8482556476094115,1.0
0.0,0.25,0.593213004618874,0.0
1.0,0.0,0.16188839292803858,0.0
0.0,0.75,0.788193634978708,1.0
1.0,0.75,0.8780345514309412,1.0
0.0,0.75,0.8537124498146427,1.0
1.0,0.5,0.08588325087684046,0.0
1.0,0.0,0.40590254765795397,1.0
0.0,0.25,0.44388844755548007,0.0
1.0,0.0,0.9318656464416744,1.0
1.0,0.25,0.06245449671132586,0.0
1.0,0.0,0.7341634751207126,1.0
0.0,1.0,0.5121538757348477,0.0
0.0,0.0,0.7940068058109726,1.0
1.0,0.75,0.7414655683606449,1.0
1.0,1.0,0.35179152465651087,1.0
0.0,0.25,0.13478908531436362,0.0
0.0,0.25,0.1520135397973963,0.0
0.0,0.75,0.9120385892141855,1.0
0.0,1.0,0.45384988421351535,0.0
0.0,0.0,0.6889406528752262,0.0
0.0,0.25,0.19646708790082745,0.0
0.0,0.0,0.7852738888605758,1.0
1.0,0.75,0.6341251171192693,1.0
0.0,0.5,0.4979525527774381,0.0
1.0,0.5,0.7088034531305654,1.0
1.0,0.25,0.6819119163581235,1.0
1.0,0.25,0.449084542947341,1.0
1.0,0.5,0.3918209284636104,1.0
0.0,0.25,0.7428627343025457,0.0
1.0,0.5,0.9179826472655469,1.0
0.0,0.75,0.15519428641747135,0.0
0.0,0.0,0.7943802830234425,1.0
0.0,0.75,0.8843877494610632,1.0
1.0,0.0,0.489113244296711,1.0
0.0,0.75,0.16472912592556133,0.0
1.0,0.25,0.1358902567096777,0.0
0.0,0.75,0.26292118182349855,0.0
0.0,0.5,0.46369284201906014,0.0
1.0,0.25,0.7735028914803325,1.0
0.0,0.0,0.3034843739108797,0.0
1.0,0.75,0.19891508680058356,0.0
0.0,0.0,0.5184984397184866,0.0
0.0,0.75,0.21651714833353763,0.0
0.0,1.0,0.1826962508744503,0.0
0.0,0.25,0.14759762496225803,0.0
1.0,1.0,0.08100757861259211,0.0
0.0,1.0,0.06016849496542642,0.0
1.0,0.75,0.7864074880928524,1.0
1.0,0.75,0.22476365435368317,0.0
0.0,0.25,0.5535894853275001,0.0
1.0,0.75,0.5060949272628327,1.0
1.0,1.0,0.510634171429553,1.0
1.0,0.5,0.744518913041161,1.0
0.0,0.25,0.056015644713067525,0.0
0.0,0.0,0.18285772125533384,0.0
1.0,0.25,0.9780950590862166,1.0
1.0,0.75,0.1962213722591416,0.0
0.0,0.0,0.607320250561326,0.0
1.0,0.5,0.8490815317721331,1.0
1.0,0.5,0.9525789612599437,1.0
1.0,0.75,0.33295500466329864,1.0
1.0,1.0,0.2998352498438648,1.0
1.0,0.25,0.48009586506867963,1.0
0.0,1.0,0.4637590081253138,0.0
1.0,0.0,0.24379045443130498,0.0
0.0,0.5,0.7924645657248851,1.0
0.0,0.5,0.2730632229943306,0.0
0.0,0.75,0.8835080730506821,1.0
1.0,0.25,0.5775477782154631,1.0
1.0,0.75,0.30530305698841553,1.0
1.0,0.0,0.34734210743081995,1.0
0.0,0.0,0.046645347677727766,0.0
1.0,0.75,0.32917374562898283,1.0
1.0,0.5,0.4953859746643332,1.0
0.0,0.25,0.7868545434581073,1.0
0.0,0.5,0.8488520153253006,1.0
1.0,0.0,0.3152129346456777,1.0
1.0,0.0,0.340909059234763,1.0
1.0,0.75,0.4707521736805176,1.0
1.0,0.25,0.487684560804892,1.0
0.0,0.5,0.336623904076082,0.0
0.0,0.75,0.5307848839636623,0.0
0.0,1.0,0.07700397425369732,0.0
1.0,0.0,0.3819090642031634,1.0
1.0,0.25,0.1662901747753136,0.0
0.0,1.0,0.8845097356851552,1.0
0.0,1.0,0.3911987196816641,0.0
1.0,1.0,0.24461852879341295,0.0
1.0,0.25,0.29261763251241213,1.0
0.0,0.0,0.18288370725663183,0.0
1.0,0.0,0.5919384032658551,1.0
1.0,0.25,0.6600500311541614,1.0
1.0,0.0,0.5198302772232308,1.0
1.0,0.75,0.9549246758523006,1.0
0.0,0.5,0.7745249459522897,1.0
0.0,0.5,0.43766623187379594,0.0
1.0,0.5,0.024062286903490215,0.0
0.0,0.5,0.5243616781276047,0.0
0.0,1.0,0.2834749689949765,0.0
0.0,0.25,0.9972951072685512,1.0
1.0,0.75,0.9016540053204393,1.0
0.0,1.0,0.06982507885880851,0.0
1.0,0.0,0.7993542376939436,1.0
0.0,0.5,0.17824618483677135,0.0
0.0,0.5,0.30391678607962924,0.0
0.0,1.0,0.11002691201039383,0.0
0.0,0.5,0.7477507767171044,0.0
0.0,0.75,0.09019620439778875,0.0
1.0,0.5,0.18292419847111996,0.0
0.0,0.75,0.9724053762863946,1.0
0.0,0.0,0.5475513116111792,0.0
1.0,0.75,0.5883064322983408,1.0
0.0,0.75,0.5673639016941244,0.0
1.0,0.75,0.8322435743047498,1.0
1.0,0.75,0.48495303332637696,1.0
1.0,0.75,0.6723186775876482,1.0
1.0,0.5,0.1399401362419217,0.0
1.0,0.0,0.08220803938058441,0.0
1.0,0.25,0.943417565757753,1.0
1.0,1.0,0.33065122584710516,1.0
1.0,0.75,0.15647652083721275,0.0
0.0,0.25,0.8189270672017436,1.0
0.0,1.0,0.5802317258373207,0.0
0.0,0.0,0.8819038919058378,1.0
1.0,1.0,0.8045777410932721,1.0
0.0,0.25,0.5070779757797104,0.0
0.0,0.5,0.4061243347065818,0.0
1.0,0.25,0.024065763240570193,0.0
1.0,0.25,0.35051406172662425,1.0
1.0,0.25,0.2895474082585294,1.0
1.0,0.25,0.5732004786312678,1.0
1.0,1.0,0.28398772468990185,1.0
1.0,1.0,0.6319398064587317,1.0
1.0,1.0,0.2562792127808603,1.0
1.0,0.75,0.09471701733260474,0.0
1.0,0.5,0.5700320742731564,1.0
0.0,0.0,0.9831361309596732,1.0
0.0,0.0,0.8727651998029734,1.0
0.0,0.5,0.7798999879722731,1.0
1.0,0.5,0.4915997569888926,1.0
1.0,0.25,0.8653152159513556,1.0
1.0,1.0,0.9161992648764365,1.0
0.0,0.5,0.17536082804507835,0.0
0.0,0.0,0.3348853325653731,0.0
0.0,1.0,0.20589707805741853,0.0
0.0,0.25,0.13654507090599366,0.0
0.0,0.0,0.1558653930118521,0.0
1.0,0.0,0.07917629488966771,0.0
0.0,0.0,0.26206384907546454,0.0
1.0,0.5,0.8166262233630106,1.0
0.0,0.0,0.8219256075716435,1.0
1.0,0.75,0.7890182734382113,1.0
1.0,0.5,0.9849441535195077,1.0
0.0,0.75,0.1510939719424904,0.0
0.0,0.0,0.7936436620395678,1.0
0.0,0.5,0.16003391609300954,0.0
1.0,1.0,0.3390218535948557,1.0
0.0,0.0,0.4648271266456039,0.0
0.0,0.0,0.9795579842760795,1.0
1.0,0.25,0.5946169392454494,1.0
1.0,0.25,0.6766997434262951,1.0
1.0,0.25,0.4122524702732646,1.0
0.0,0.5,0.10788568357597073,0.0
0.0,0.5,0.6872308689366762,0.0
1.0,0.75,0.2554113181329447,1.0
1.0,0.5,0.45933468658356735,1.0
1.0,0.75,0.4337417355723522,1.0
0.0,0.25,0.5346083155387362,0.0
0.0,0.5,0.9548375757346067,1.0
1.0,1.0,0.8043982670137645,1.0
0.0,0.25,0.5249150384902577,0.0
1.0,0.0,0.05828564878081066,0.0
1.0,0.25,0.3950408395134576,1.0
0.0,0.0,0.8879523458059713,1.0
1.0,1.0,0.16921786440850062,0.0
0.0,0.75,0.5827553623896095,0.0
1.0,0.75,0.8702598394308279,1.0
0.0,0.75,0.580453695486313,0.0
0.0,0.25,0.3107370366682154,0.0
0.0,0.0,0.9343164874140716,1.0
0.0,1.0,0.6835882744093519,0.0
0.0,0.5,0.642557011176319,0.0
0.0,0.0,0.9784780377229088,1.0
0.0,1.0,0.5991047612771416,0.0
0.0,0.0,0.6195577930588021,0.0
1.0,0.5,0.8579641017426142,1.0
0.0,0.75,0.01256432163107124,0.0
1.0,1.0,0.8776407633530025,1.0
0.0,1.0,0.7245967402852995,0.0
0.0,0.75,0.05764861307592495,0.0
0.0,0.5,0.5225145060079882,0.0
1.0,0.0,0.18154647138842006,0.0
1.0,0.0,0.004368945743013941,0.0
0.0,0.5,0.29610405346738833,0.0
0.0,0.0,0.18518093936575275,0.0
1.0,0.5,0.41547307979764725,1.0
1.0,0.25,0.2674847513894206,1.0
1.0,0.25,0.05818448250104735,0.0
0.0,0.25,0.6052295915005835,0.0
1.0,0.0,0.3001247228382725,1.0
1.0,0.5,0.11464257392295418,0.0
1.0,0.0,0.7451559569657864,1.0
0.0,0.25,0.7397590900629211,0.0
1.0,0.5,0.6451879468570679,1.0
0.0,0.0,0.025827245294985146,0.0
1.0,1.0,0.8973514553731716,1.0
1.0,0.0,0.03493326398362684,0.0
0.0,1.0,0.29598806163206637,0.0
1.0,0.0,0.24259011740208436,0.0
1.0,0.75,0.12435383972345027,0.0
1.0,1.0,0.1796672211292466,0.0
1.0,0.25,0.04383784933791235,0.0
1.0,0.75,0.10280541820260625,0.0
1.0,0.0,0.7374968975876313,1.0
0.0,0.25,0.0940343202934042,0.0
1.0,0.25,0.6536625496866442,1.0
1.0,1.0,0.1408018850848235,0.0
1.0,0.5,0.44205764639895107,1.0
0.0,0.5,0.6328833223612823,0.0
1.0,0.0,0.9259110336923877,1.0
0.0,0.5,0.6510144188235497,0.0
0.0,1.0,0.15939529782118955,0.0
1.0,0.75,0.3364287934978666,1.0
0.0,0.5,0.746112578169524,0.0
0.0,0.5,0.7927286697624678,1.0
0.0,0.5,0.280474982063066,0.0
0.0,1.0,0.7703960670560709,1.0
1.0,0.5,0.04860920226261878,0.0
0.0,1.0,0.4186828682090191,0.0
1.0,0.25,0.010317033149351174,0.0
1.0,0.25,0.05630538488037529,0.0
1.0,0.5,0.679558947858,1.0
1.0,0.25,0.6351399858811648,1.0
1.0,0.75,0.2798524627527038,1.0
1.0,0.0,0.48494852163626456,1.0
0.0,0.75,0.6026693197133199,0.0
0.0,0.75,0.8386177604766736,1.0
0.0,0.75,0.5487783897469722,0.0
0.0,0.0,0.3038108264511725,0.0
0.0,0.75,0.011614939544258962,0.0
1.0,0.5,0.12419675670324015,0.0
1.0,0.75,0.023256308024257932,0.0
1.0,0.5,0.21289475648321865,0.0
1.0,0.0,0.9124636944752443,1.0
1.0,0.5,0.9580728699732641,1.0
1.0,0.75,0.4532441884987579,1.0
0.0,0.75,0.8474080154335824,1.0
1.0,0.0,0.28879301329554075,1.0
1.0,0.25,0.7181169136676322,1.0
0.0,0.25,0.7315455845104055,0.0
0.0,0.5,0.031573446135149785,0.0
1.0,0.0,0.6268952514319672,1.0
1.0,0.25,0.3329210896793996,1.0
0.0,0.5,0.6660695835666238,0.0
0.0,0.75,0.2098604045772704,0.0
0.0,0.25,0.5933834225294174,0.0
0.0,1.0,0.08616174635990215,0.0
1.0,0.5,0.7249333233321821,1.0
1.0,1.0,0.6773315936551674,1.0
1.0,1.0,0.0012759921630089988,0.0
1.0,0.5,0.5640242418008781,1.0
0.0,0.5,0.008878747908564355,0.0
1.0,0.0,0.45446558127343695,1.0
0.0,0.25,0.4678629489764773,0.0
1.0,0.75,0.6055330149816964,1.0
0.0,0.25,0.6935560359061885,0.0
1.0,1.0,0.23933300274452474,0.0
1.0,0.75,0.5218609245569291,1.0
1.0,1.0,0.09200825471115626,0.0
0.0,0.0,0.5292593007726926,0.0
0.0,0.5,0.9882837247264669,1.0
0.0,0.0,0.6926352118428414,0.0
0.0,0.5,0.8854615169692834,1.0
0.0,1.0,0.8463984163523016,1.0
0.0,1.0,0.993119439688952,1.0
0.0,0.25,0.6286367705863994,0.0
0.0,0.25,0.9553937181078069,1.0
0.0,0.25,0.23616537519236958,0.0
1.0,0.75,0.26512613369630567,1.0
1.0,1.0,0.709777446888875,1.0
1.0,0.5,0.9137569557891535,1.0
1.0,0.25,0.4566724022141211,1.0
0.0,0.25,0.2894371956739695,0.0
1.0,0.25,0.48080970378417087,1.0
1.0,0.5,0.3983742590550756,1.0
0.0,0.75,0.18496116893309578,0.0
1.0,0.75,0.7393116019288545,1.0
0.0,0.25,0.8202370406370062,1.0
1.0,1.0,0.054858769647359584,0.0
1.0,0.5,0.848108369407515,1.0
1.0,0.0,0.10468837742783399,0.0
1.0,0.0,0.8378621592449149,1.0
1.0,0.0,0.7693000055947657,1.0
0.0,0.25,0.12560795152876125,0.0
1.0,0.25,0.8081069147177572,1.0
0.0,1.0,0.6576862964333737,0.0
1.0,0.25,0.7140894125164937,1.0
0.0,0.0,0.872096101157848,1.0
0.0,0.75,0.8084528566375855,1.0
0.0,0.25,0.7040600969648593,0.0
1.0,0.75,0.6281851646398824,1.0
1.0,0.0,0.31852088792356315,1.0
0.0,0.0,0.03310623012792724,0.0
0.0,0.5,0.7343655422120485,0.0
1.0,1.0,0.682682532197588,1.0
0.0,0.25,0.4761742304557971,0.0
0.0,0.0,0.09599209933042985,0.0
1.0,0.0,0.39724118637663486,1.0
1.0,0.0,0.641383897530402,1.0
1.0,0.25,0.8260692889098167,1.0
0.0,0.0,0.5262098621457735,0.0
1.0,1.0,0.9110281741478292,1.0
